year,yield_t_ha,zn_mg_kg,fe_mg_kg,cu_mg_kg,mg_mg_kg,se_mg_kg
1845,2.8,42,58,5.5,1350,0.025
1855,2.6,40,55,5.3,1320,0.026
1865,2.7,41,57,5.4,1340,0.028
1875,2.8,43,56,5.5,1350,0.031
1885,2.5,39,54,5.2,1310,0.035
1895,2.7,40,55,5.3,1330,0.038
1905,2.6,38,53,5.1,1300,0.042
1915,2.5,41,56,5.4,1340,0.045
1925,2.5,40,55,5.3,1330,0.048
1935,2.9,42,57,5.5,1350,0.052
1945,2.6,39,54,5.2,1310,0.055
1955,2.8,41,56,5.4,1340,0.06
1965,3.0,40,55,5.3,1330,0.062
1970,5.5,35,48,4.8,1250,0.065
1975,6.0,30,44,4.5,1200,0.058
1980,6.8,28,42,4.3,1180,0.05
1985,7.5,26,40,4.2,1160,0.045
1990,8.0,25,39,4.1,1150,0.04
1995,8.5,24,38,4.0,1140,0.035
2000,9.0,23,37,3.9,1130,0.03
2005,8.2,22,36,3.8,1120,0.028
