year,plot_03_nil,plot_06_n1,plot_08_n3,plot_09_n4,plot_16_n6,plot_02_2_fym
1852,1.4,2.0,2.8,,,2.5
1860,1.3,2.1,3.0,,,2.6
1870,1.5,2.3,3.2,,,2.8
1880,1.0,2.0,2.5,,,2.3
1890,1.1,2.1,2.6,,,2.4
1900,1.1,2.0,2.6,,,2.4
1910,1.2,2.2,3.0,,,2.7
1920,0.9,1.9,2.3,,,2.2
1930,1.1,2.1,2.8,,,2.6
1940,1.0,2.0,2.6,,,2.3
1950,0.9,2.1,2.8,,,2.5
1960,1.1,2.2,3.0,,,2.7
1968,1.2,3.0,5.0,5.0,,3.2
1975,1.1,3.8,6.0,6.5,,3.8
1980,1.3,4.2,6.8,7.2,,4.0
1985,1.0,4.8,7.5,8.0,7.2,4.2
1990,1.2,5.2,8.0,8.8,8.0,4.5
1995,1.1,5.0,8.5,9.5,8.8,4.8
2000,1.3,5.5,9.0,10.0,9.5,5.0
2005,1.0,5.1,8.2,9.0,8.5,4.6
2010,1.2,5.8,9.5,10.2,9.8,5.2
2015,1.1,5.3,8.8,9.5,9.0,4.8
2020,1.3,5.6,9.2,9.8,9.5,5.1
2022,1.2,5.4,9.0,9.6,9.2,5.0
