year,co2_ppm,source
1843,284.7,Law Dome Ice Core
1850,285.2,Law Dome Ice Core
1860,286.4,Law Dome Ice Core
1870,287.8,Law Dome Ice Core
1880,290.5,Law Dome Ice Core
1890,294.8,Law Dome Ice Core
1900,295.7,Law Dome Ice Core
1910,299.5,Law Dome Ice Core
1920,303.5,Law Dome Ice Core
1930,306.8,Law Dome Ice Core
1940,310.8,Law Dome Ice Core
1950,311.3,Law Dome Ice Core
1958,315.3,Mauna Loa / NOAA GML
1960,316.9,Mauna Loa / NOAA GML
1965,320.0,Mauna Loa / NOAA GML
1970,325.7,Mauna Loa / NOAA GML
1975,331.1,Mauna Loa / NOAA GML
1980,338.8,Mauna Loa / NOAA GML
1985,346.1,Mauna Loa / NOAA GML
1990,354.4,Mauna Loa / NOAA GML
1995,360.8,Mauna Loa / NOAA GML
2000,369.5,Mauna Loa / NOAA GML
2005,379.8,Mauna Loa / NOAA GML
2010,389.9,Mauna Loa / NOAA GML
2015,400.8,Mauna Loa / NOAA GML
2020,414.2,Mauna Loa / NOAA GML
2022,418.5,Mauna Loa / NOAA GML
2024,425.8,Mauna Loa / NOAA GML
