harvest_year,total_rainfall_mm,spring_rainfall_mm,gdd_base0,summer_mean_temp_c,heat_days_tmax25,heat_days_tmax30,annual_mean_temp_c
1951,706.3,191.0,3131.0,15.45,0,0,8.51
1952,578.3,158.3,3664.0,16.23,4,0,9.98
1953,663.2,247.7,3098.0,14.59,0,0,8.42
1954,568.7,214.3,3332.0,13.88,0,0,9.02
1955,553.7,223.1,3346.0,15.45,2,0,9.03
1956,573.7,205.3,3181.0,14.49,1,0,8.49
1957,439.0,132.1,3582.0,16.32,8,0,9.79
1958,651.7,251.9,3297.0,14.83,0,0,8.95
1959,491.0,128.4,3658.0,16.45,5,0,9.95
1960,602.0,221.8,3690.0,15.42,2,0,10.03
1961,606.3,139.5,3666.0,15.91,4,0,10.04
1962,577.9,214.4,3204.0,14.37,0,0,8.68
1963,597.4,214.9,2974.0,14.91,0,0,7.6
1964,570.9,259.2,3384.0,15.47,0,0,9.18
1965,456.8,205.7,3284.0,14.43,0,0,8.91
1966,736.4,284.7,3366.0,15.24,0,0,9.13
1967,648.4,231.0,3459.0,15.69,1,0,9.45
1968,766.6,298.5,3286.0,14.68,2,0,8.89
1969,708.1,237.5,3358.0,15.46,4,0,9.1
1970,594.8,194.4,3376.0,15.73,4,0,9.12
1971,739.8,242.8,3444.0,14.67,2,0,9.37
1972,611.5,229.8,3396.0,13.66,0,0,9.25
1973,577.9,291.3,3418.0,15.33,0,0,9.36
1974,578.2,174.0,3384.0,14.31,0,0,9.24
1975,752.6,197.6,3468.0,15.74,2,0,9.5
1976,404.1,107.1,3639.0,17.87,20,2,9.91
1977,827.7,182.2,3183.0,14.04,0,0,8.68
1978,689.6,288.0,3281.0,14.06,0,0,8.94
1979,693.6,270.4,3262.0,15.22,1,0,8.79
1980,692.4,230.9,3390.0,14.11,1,0,9.23
1981,587.2,222.4,3418.0,14.21,0,0,9.34
1982,695.1,253.6,3439.0,15.94,2,0,9.2
1983,697.5,260.7,3589.0,16.81,10,0,9.81
1984,593.4,151.6,3432.0,15.61,4,0,9.35
1985,709.7,304.9,3302.0,14.33,0,0,8.85
1986,598.3,201.0,3234.0,15.63,6,0,8.63
1987,702.2,315.1,3311.0,14.34,1,0,8.94
1988,709.0,207.5,3495.0,14.34,0,0,9.55
1989,487.1,192.8,3815.0,16.6,9,0,10.45
1990,473.0,101.3,3978.0,15.54,5,0,10.9
1991,556.9,228.9,3466.0,14.71,1,0,9.4
1992,608.6,243.7,3680.0,16.03,1,0,10.02
1993,658.7,246.9,3508.0,15.33,0,0,9.59
1994,663.9,194.9,3482.0,16.73,10,0,9.52
1995,531.9,93.5,3871.0,16.52,11,1,10.58
1996,561.3,129.2,3388.0,15.95,5,0,9.17
1997,506.8,214.7,3632.0,15.31,0,0,9.9
1998,619.5,276.3,3737.0,14.72,1,0,10.23
1999,738.2,181.3,3710.0,15.75,5,0,10.15
2000,671.2,291.9,3692.0,15.07,2,0,10.07
2001,949.7,198.1,3560.0,15.78,8,0,9.72
2002,642.7,250.2,3766.0,15.18,2,0,10.29
2003,631.1,227.6,3876.0,16.88,5,0,10.59
2004,694.8,228.6,3723.0,15.78,2,0,10.17
2005,515.7,223.4,3721.0,16.35,8,0,10.19
2006,575.3,231.3,3735.0,18.12,15,1,10.2
2007,754.6,339.3,4033.0,14.97,0,0,11.04
2008,623.6,241.3,3677.0,15.42,2,0,10.05
2009,602.9,233.5,3488.0,15.24,4,0,9.51
2010,604.8,124.3,3500.0,16.75,5,0,9.51
2011,511.0,142.8,3524.0,14.78,1,0,9.5
2012,710.5,437.2,3774.0,14.39,2,0,10.26
2013,665.1,170.9,3313.0,16.43,12,0,8.99
2014,806.8,224.5,3873.0,16.76,5,0,10.61
2015,628.3,183.3,3711.0,15.64,3,1,10.16
2016,680.2,249.2,3869.0,16.09,3,0,10.57
2017,582.0,249.0,3885.0,16.84,8,1,10.63
2018,672.3,201.9,3844.0,18.21,21,1,10.47
2019,643.1,269.6,3858.0,16.5,5,1,10.56
2020,884.6,190.8,3926.0,15.86,6,1,10.73
2021,865.8,299.0,3603.0,16.64,8,0,9.81
2022,597.2,215.7,4130.0,17.53,13,2,11.31
2023,742.3,217.3,3876.0,16.88,10,0,10.56
2024,898.6,260.5,4102.0,15.75,8,0,11.18
